0,1,2
-9.066219,-10.503979,-23.032759
25.533258,-16.856037,-20.05613
-7.4778767,-10.652832,-22.663076
25.578438,-18.454004,-21.285643
24.540228,6.7659135,-27.280367
28.307964,-17.559143,-20.496756
4.874102,-20.713593,-48.17226
13.082024,-46.100357,-25.68056
13.59588,-30.208858,-32.732582
21.893896,10.417897,-13.605861
30.791838,-33.74194,-38.768097
-0.3428209,-13.643698,-11.825828
25.409729,15.689699,-22.112883
-29.9226,-17.624144,-33.067936
17.261803,-11.349414,14.661016
5.660995,-50.43869,-10.597729
36.049953,-19.476751,16.659004
30.31369,2.1656435,-15.265519
39.411476,-17.008028,13.037556
34.658447,-21.016146,14.621637
22.192747,11.350164,-37.97675
22.648193,12.669862,-40.03725
20.498734,12.293881,-39.092358
23.541698,13.352648,-38.06355
25.706928,8.561999,-39.07255
21.436506,9.97358,-40.619102
25.355446,6.569598,-39.18769
20.122803,9.467102,-42.72649
25.246523,7.945099,-37.190998
18.853256,8.988577,-44.33415
3.833249,-49.197502,-10.635828
15.7012205,8.826692,-17.377235
0.6132745,-41.16738,-5.9955945
3.1542192,-18.192453,1.7519596
-11.655833,-34.677704,-12.653253
12.50527,-40.43782,9.726844
-3.1115375,-35.30613,4.3283668
17.81205,-11.498993,1.7292094
-2.6845937,-36.03853,3.0781286
-9.707602,-17.102829,-29.243378
18.469597,-24.957527,-7.4086094
4.7251115,-7.5393963,-51.986248
-26.164251,28.391638,-21.689526
12.76101,-46.376022,-28.15389
4.8346534,-30.631935,-29.170883
30.599773,-34.393536,-34.177906
21.129728,-10.451826,-48.602604
25.761803,-31.441475,-30.63597
29.33093,-32.359886,-42.011913
4.1976247,-25.432158,-0.47892937
32.31761,-3.0528073,17.697489
33.677483,-30.916803,-37.672882
33.076584,-32.219185,-40.69375
33.68295,-35.34458,-39.42279
24.129925,-32.18828,-25.235336
5.406716,-33.973362,-19.409935
22.982178,-27.348232,-23.827606
3.0405633,-2.6723483,-48.647392
35.438442,-20.76732,14.332731
17.61142,-42.54218,-16.540123
17.901619,-48.483963,-18.9833
15.735037,-42.66429,-18.599117
20.132063,-46.899155,-16.55213
17.339024,-45.15467,-17.901272
17.94764,-48.7036,-16.305014
16.707294,-49.621895,-17.996958
3.8551397,-4.194798,0.5040772
4.528338,-5.3110876,3.77916
6.4619164,-24.934383,-28.554678
10.91463,-0.023379894,-37.480843
7.8421464,0.9350902,-35.784035
41.34931,3.1577256,-17.22036
-26.75777,-1.408642,5.6690874
-23.678192,29.272066,39.463154
-23.868921,28.786922,41.06604
3.9408047,12.257204,-18.898668
-1.1391144,-24.952421,-36.7133
10.345474,1.9051149,-42.07515
10.3329315,17.645666,2.144737
23.642641,-24.25647,-35.585796
31.05523,-35.213253,-42.259125
28.104034,-26.410334,-35.60383
25.255909,-26.431253,-33.871872
26.31045,-23.69325,-34.31712
23.98319,-23.591015,-32.917297
-2.2569368,10.351001,-42.005093
-0.6794153,-6.952264,-5.4329686
8.141218,8.496196,-12.864087
11.208012,20.286236,-20.375519
-13.184517,-22.679623,-25.356237
8.009372,13.483728,-13.370366
2.022391,-13.690509,-11.088085
-34.110462,-42.625626,-9.337128
11.497072,-11.390361,3.7173133
14.38674,17.206205,-17.937904
24.783583,19.939663,-11.8534
15.0944395,-1.7006584,-0.5660049
23.649204,20.947073,-11.875852
-32.276505,-17.129747,-34.847885
6.266841,-22.286139,-6.205876
40.71093,1.9161848,1.7220523
21.070118,-28.351475,-35.721752
1.3343208,-24.010653,-28.79118
24.662395,-34.33654,-26.692932
8.745185,2.8710604,-13.710839
12.040673,35.526546,-25.058203
5.18671,-52.90223,-6.2741446
10.098538,-4.8278575,25.817787
6.213507,9.889511,-18.587194
4.5329747,-26.121962,8.884905
23.16706,-27.766167,-9.835603
22.865381,-27.452738,-13.329056
22.849289,-25.417059,-12.198316
21.302702,-24.227331,-11.117216
3.9524078,24.48812,-22.093487
4.761682,26.401316,-25.936789
4.1999345,25.157648,-23.982853
2.8610692,23.867586,-24.082563
17.246437,9.380179,-20.061447
3.6671932,-22.11212,-49.85873
6.996722,-22.69111,-47.856983
-4.8223233,-15.934947,-51.223484
-3.6389124,-22.674526,-43.85899
-22.580141,10.250793,52.653484
3.1807432,-25.545834,13.0683155
32.046925,16.446903,3.3871264
26.811628,-29.485697,-26.329868
-16.19658,6.3133464,37.157513
33.795162,-1.6205432,17.376747
0.9834858,-12.163081,-13.511322
24.116732,14.636264,-20.738098
27.624594,-34.85394,-40.55017
20.304312,9.937832,-14.84588
6.532009,-23.330822,-25.153053
9.217371,-2.3183339,-36.551323
7.031101,-23.869362,6.280956
-1.7187351,-15.030515,-48.295914
-2.7013254,-15.508616,-49.61536
2.05276,-15.146573,-47.959866
22.394855,-20.947762,-34.38831
4.092597,-13.627104,-25.448586
-11.601831,-2.9902005,-31.861757
15.757073,-29.62685,-38.899982
-33.379375,-27.684216,7.6443124
-33.965786,9.619908,26.369493
-4.7204614,-5.6805816,-28.518911
-6.022171,-5.020098,-26.970057
-4.286618,-4.3150487,-26.713503
-22.917875,18.763458,17.347466
-11.438823,34.339596,7.7268467
-13.275155,33.30072,9.581717
-17.299229,-16.739634,-19.507162
-2.0363626,-45.03721,8.939759
-2.974481,21.294983,-33.80843
-1.778246,20.436794,-34.705532
6.941914,-34.37685,-20.05008
-11.531049,29.364796,14.504158
-26.959272,32.43388,-5.4421945
-28.678225,32.637596,-7.3312836
13.564263,-2.5341198,13.472134
14.7438545,-3.7327125,12.672312
9.708005,20.51374,-39.010952
8.0826435,21.065107,-39.39967
5.967788,4.8515506,-27.102215
-7.348213,43.397484,-7.9888296
1.9004846,16.014889,-36.71055
4.4868493,-23.130924,-45.665806
8.916398,-40.612793,-26.61861
25.915224,7.056468,-26.545626
0.6953312,-9.309459,-12.229525
0.22773306,-11.817343,-10.540611
23.892702,16.408924,-22.04003
-25.174118,6.6970916,-27.448753
0.17025164,-23.016813,-32.19288
21.039232,-7.420633,-32.46785
-3.7048857,-24.021923,-44.59976
14.150554,-7.8685155,1.8841437
-0.7616821,20.40814,-1.5989444
19.936129,-12.720695,-22.69165
19.124544,-10.600825,-23.053719
-3.4151735,6.7154675,-46.375988
6.4432535,-51.054554,-7.476742
9.220148,-1.575663,-39.62442
30.72356,-29.985664,-39.3443
22.7987,-33.45852,-27.093645
22.909973,-38.589348,-21.0784
33.87637,-36.250565,9.592237
33.510715,-31.046436,10.716954
34.874905,-29.093065,5.435881
33.46115,-28.950802,3.998762
36.844788,-27.427485,1.9762186
38.238953,-28.862957,3.2222846
39.09903,-27.891518,1.0761269
37.590008,-29.618776,0.93596613
34.030235,-29.824104,-0.913789
32.01026,-31.930336,-1.0610139
37.48551,15.025511,13.16415
39.03261,13.977537,14.304222
38.60672,11.782672,12.957084
37.654045,10.870652,14.626986
38.557625,8.965533,14.634225
33.62931,-33.374687,9.337573
33.12349,-34.12875,7.4647675
32.806427,-32.346077,4.9055953
30.8355,-32.868637,4.268444
31.851215,-32.56647,2.4695132
33.259518,-30.22533,12.277064
26.93386,-33.133945,1.2170504
27.225784,-31.585747,-0.37044385
28.03188,-32.56581,-1.5845376
30.152971,-24.95102,-23.527382
36.773415,12.050046,10.223286
35.832645,10.493792,11.133339
33.88968,-20.159788,-6.516767
32.72976,-21.259129,-7.5660543
31.898188,-21.896646,-10.917118
28.636349,-23.838497,-24.697313
27.257904,-23.678026,-23.23762
30.905153,-28.622118,1.0528991
-3.5871406,-28.290659,28.383123
-2.734532,-27.023602,30.110182
-2.9196534,-29.33749,30.5227
-0.5145665,-28.62298,26.561241
0.12733543,-27.426155,28.374182
-0.35205853,-29.746758,28.764858
-0.15180005,-28.475927,31.322874
17.452805,-15.054509,-20.870478
15.698528,-15.347548,-23.345446
18.26113,-15.394147,-24.714577
17.026588,-17.84818,-25.05829
15.755367,-17.765806,-21.316458
19.792465,-16.616106,-19.8957
17.235346,-17.58393,-18.681385
18.608356,-19.905937,-19.80816
17.648195,-20.807756,-22.50153
17.680897,-23.669,-24.80095
17.847534,-24.587833,-26.80928
18.483284,-17.948551,-22.009747
20.96377,-16.825426,-23.271202
21.159037,-19.427666,-21.828402
11.497808,26.381887,-20.288883
14.9970045,26.29821,-21.812243
12.404041,23.883186,-21.016726
14.093718,23.761879,-21.825409
-0.76572084,-22.878206,-29.144613
-19.651398,-32.28219,-23.39148
-19.573465,-32.045578,-21.455206
-17.498585,-32.521896,-23.176584
11.862454,-31.307444,-27.303898
-0.29130942,2.5130816,-18.342163
-4.697829,-2.512736,-16.558102
13.758066,7.9970055,-14.682309
0.39261976,2.4353383,-20.257652
-0.27592692,-0.009336492,-19.348747
-2.1269627,0.7605383,-20.134706
-13.831147,-31.785828,-14.045199
-2.820741,-20.02165,-29.065157
-6.512811,28.340479,-26.797592
-7.592843,27.35475,-26.125982
-28.982271,-8.256272,3.5522525
1.8318361,-21.033802,-47.697258
5.667418,10.381326,-16.075056
4.3224096,-12.625061,-48.740604
24.776323,-6.0728316,-49.493057
20.857523,-49.95784,-14.494548
5.0692115,-24.107836,-27.63759
5.154551,12.178294,35.36387
5.10874,14.969452,35.62378
7.9230742,12.034024,36.442055
7.6157784,14.203603,34.71141
7.9656234,9.405466,33.557976
7.76033,10.8898115,32.314312
-0.22118977,4.104206,52.051437
7.6470413,20.84828,50.189137
-15.205345,-28.955502,2.4222507
0.9590188,4.9164257,52.131634
-13.28081,-27.73395,1.796438
-30.509026,10.483821,4.2998104
28.459915,-29.60569,-15.108542
5.426967,36.18617,-19.049376
1.967579,2.4090903,-2.302986
13.440056,-29.62301,-36.12551
6.464564,-50.800915,-4.254056
4.081259,-50.543186,-6.5193152
40.422417,0.038996782,0.48928696
-13.538538,26.487463,-1.8238615
12.14302,-26.089624,-28.862799
14.7231455,-27.199207,-29.257
19.21766,-31.609512,-36.052303
17.24599,-32.491,-31.99374
26.70966,-27.88143,-28.977295
16.391424,-7.4226265,-16.7842
5.1761427,-27.634108,3.470951
17.583275,-15.0843,9.318984
5.7761226,-27.694439,0.9545623
-9.530377,-25.788313,0.59918743
11.192189,-40.657585,-24.518545
33.53011,-33.90105,-36.381603
26.789173,-29.137178,-35.71825
11.722549,-27.591608,-22.871876
6.47427,3.2645597,-38.90524
11.941542,-8.683994,-24.098242
-13.428187,-26.162992,-27.474104
-33.16305,-25.337385,6.957115
18.789818,-16.831587,17.524212
3.99292,8.297468,2.3788853
19.802223,-8.155789,-48.623577
18.071419,-14.705347,17.574015
-4.545992,10.251168,-33.407757
14.400707,-24.326696,-28.960752
2.0840814,-16.935484,-24.881536
11.814684,-27.826761,-32.40539
6.6579866,2.0127017,-43.181004
-16.776289,-29.004616,10.005055
-13.819142,12.480973,42.579
-14.792709,-10.233644,-3.1799676
-15.754692,-4.2947316,-35.293774
6.984348,-39.76708,-24.477236
15.232843,3.9357018,-16.247103
15.8069105,-28.049463,-28.89027
15.388012,0.40348092,0.33578765
5.6393204,17.367044,-27.912115
22.515478,-19.495806,-38.011402
-11.255137,-31.901026,-14.815088
-5.4250546,-37.07945,-20.27349
-2.5446959,-34.551903,-20.37984
-3.9981024,-36.352825,-20.385153
-1.1711354,-36.634735,-20.947035
27.93791,8.122396,7.981117
16.637594,-4.0116644,9.192927
6.5113354,-52.47605,-1.2686226
7.76791,-52.565933,1.2858971
7.86407,-54.20623,-0.082923256
5.389937,-54.629818,1.2834374
9.46842,-46.726635,-3.326891
11.885694,-46.01354,-3.2556896
10.476918,-44.738552,-3.7395144
10.694974,-44.86971,-1.0866777
4.6614676,-49.929493,-1.0618588
4.851719,-50.65159,1.4614011
3.5751247,-51.845535,0.044955842
2.1490133,-49.569637,0.9784549
13.750414,13.037945,9.148819
8.829305,9.559061,-22.278404
6.890367,8.607788,-24.690516
12.784721,-20.94631,-28.79545
21.052832,-20.722887,3.2870507
32.395107,-31.405375,-34.010574
12.6160345,2.0335994,-39.098907
21.440138,-7.0404515,-31.022154
13.93004,-4.2325625,-26.086458
12.839434,-4.9732046,-24.899311
-13.959136,-2.5162573,-35.11481
-15.26153,-24.987125,-26.240276
-11.600392,-16.686714,-31.476156
-11.332001,-17.38011,-33.42327
-12.626614,-15.881182,-33.24951
-6.7423754,-10.56929,-25.085356
-6.2119493,-26.907473,29.763746
22.576365,14.994452,4.4271364
-3.0076644,-30.336288,-23.164234
-2.4367685,-31.368715,-24.671734
-3.0580893,-27.267424,-26.954355
-4.095609,-28.89175,-27.402943
-5.3033133,-30.063921,-28.576939
11.761535,-28.241796,-26.035631
-10.389416,34.1893,4.307414
-24.648481,13.092663,7.3304977
28.211077,-34.843983,-36.61794
-2.179374,-26.05012,-36.998024
23.348118,-28.192596,-26.834288
13.053808,-25.964647,-25.903997
20.715157,-11.814059,-14.006516
30.245054,-31.804447,-36.346813
30.854887,-28.856913,-35.92899
31.659859,-27.226683,-33.088398
32.80284,-25.103924,-32.805866
4.597114,-24.637695,-47.98989
6.183099,-23.361574,-50.256687
9.580594,-28.772669,-30.46045
-13.27716,18.386997,-18.007484
-27.464931,-42.654392,-3.85846
-28.048254,-45.587803,-6.2779994
-25.788727,-42.461964,1.8530308
12.074096,34.556187,-15.067561
-22.154346,-30.663738,8.266504
15.661579,-28.328854,16.554472
36.60913,23.100042,-10.131151
36.645664,20.16482,-10.518374
35.74758,21.473524,-10.195343
25.184105,-18.482864,-41.384407
27.227133,-17.932482,-39.97377
27.213045,-17.286303,-42.612396
27.411911,-20.042028,-42.083225
29.375439,-18.52003,-41.56489
-0.042186774,31.943565,-37.251774
31.474287,-36.58995,-36.955894
25.599676,-16.480501,-3.4680634
19.840982,-19.338806,-25.756582
6.2076144,9.486484,-1.0511806
-9.233309,34.1245,5.567986
-7.4099174,32.125523,6.598113
3.1343815,18.966253,-11.8623
-1.4137646,18.275986,-15.8785515
-0.79901904,17.546038,-13.588757
-2.0042086,16.623072,-16.324331
0.46729675,17.120745,-11.705143
9.625946,-25.15033,-33.865818
16.3301,27.279861,-21.76912
19.0869,28.232424,-21.939932
18.777994,24.905964,-21.619886
12.675055,-21.198048,-13.352538
8.14805,11.002999,-17.126358
28.79457,-29.77453,-32.334763
16.133986,-25.084684,0.9293955
19.138153,-24.466751,0.38097182
19.899282,-25.810844,1.2860314
17.338701,-24.345982,2.3074331
25.065329,21.605318,-8.227054
-12.716344,-6.176566,-27.810526
-24.234648,18.809225,8.209175
-29.944439,-11.121821,-13.83503
11.547284,-13.341838,-4.894636
-10.0646305,4.4605255,-14.031978
23.407291,-1.1060271,-2.0862823
-1.8608375,2.4818115,-32.27661
2.8540192,-14.646991,38.983524
6.787017,-24.673012,19.074705
23.263102,10.915961,-13.267512
7.591112,-25.110737,21.384958
18.517294,7.809857,-9.224908
19.653929,7.8982797,-12.083619
18.5309,9.543077,-11.841887
20.433365,8.2142935,-8.67399
18.83016,10.230592,-8.099669
20.905748,-3.7160969,-14.520579
-0.07099935,8.254555,-17.769
-21.991566,17.814066,37.632812
13.989187,-22.40525,-2.6303625
-9.023671,-37.27808,6.954043
-7.1665044,13.336368,-27.176285
0.60354644,-35.08281,15.9040785
-4.6436076,-33.331966,6.8024793
-21.887054,-5.0431476,-20.2455
-7.589847,-12.821252,-47.32765
21.971628,-3.7173336,-13.272668
16.734415,-5.7251434,-15.347114
23.31777,-3.4804552,-15.85271
24.740623,-3.897826,-18.486626
26.168331,-4.642027,-19.993067
27.462534,-5.9036536,-18.793812
27.253681,-3.0961602,-20.782026
-17.685038,-24.526117,-28.881805
-3.0729067,4.5156326,-43.85988
-4.5545497,2.910211,-44.881073
41.774837,4.561515,-10.894018
20.108257,-26.697445,-11.690006
0.45734882,13.355672,-36.02484
-4.3501983,-13.977629,-45.476875
1.5349166,-6.817395,-24.746244
-1.0333582,-32.03873,-19.358873
25.25704,-26.497225,-15.539792
-7.009294,-13.723873,-43.679367
3.7218072,3.4047155,-2.3655422
-16.147581,19.083345,3.5381925
-17.039831,21.242142,4.387236
-6.4948626,14.983403,-19.683863
32.258785,5.525891,-21.409052
-10.631184,29.045094,18.133892
-1.1810809,-15.738301,-25.083477
24.490978,-20.115875,-34.976234
26.592731,-22.979813,-37.610577
25.321268,-26.403896,-36.859753
3.371168,18.496243,-45.640408
-0.033468813,16.749044,-44.55568
7.1562085,29.618254,-19.795227
1.2945327,20.589682,-45.70671
2.5425813,16.008307,-44.670532
1.7980217,18.55516,-43.53947
-3.1327755,17.691408,-45.956554
4.615275,18.035667,-43.32801
17.564127,23.246393,-8.508683
0.40213943,14.623082,-46.105106
-28.994804,-16.506306,-34.983818
1.1671544,16.984156,-46.85118
2.8365784,16.264006,-40.634
20.475937,-20.698032,-15.6670885
30.934326,-19.618961,-10.433274
15.283911,-21.093847,-19.272884
20.09924,-49.436413,-21.791142
10.399063,36.17331,11.4842005
4.031682,-30.229378,3.7677205
10.140148,-30.38346,5.026516
-23.98673,23.042662,32.45957
6.312793,-1.1874691,-50.04563
-0.93153596,-27.301706,-4.3685174
22.635374,9.127247,-20.70374
20.413889,13.378322,-13.951203
27.608503,-15.67675,-23.74675
27.872715,-17.590382,-23.916084
26.774048,-26.844616,-25.300758
20.995825,10.725342,-20.93266
-26.8139,-15.276709,-36.773125
32.79861,-24.80808,-23.199884
20.619705,-47.18037,-19.359762
14.17927,-28.222435,-25.405668
8.6717005,-20.132492,-43.875973
8.621105,-16.044598,-40.88003
8.140908,-18.855825,-41.1932
6.056487,-16.93304,-42.125908
8.084161,-15.11217,-43.42366
9.844436,-17.533867,-43.21101
7.3233175,-17.560097,-44.69796
5.9664197,-19.689604,-43.022476
25.973684,-22.173105,-14.53609
25.392643,-20.133642,-13.275631
20.781506,-13.969474,-15.666881
14.224509,-32.228004,-39.40249
13.789811,-30.407036,-41.33017
16.943434,-32.319298,-38.15381
18.750565,-30.695862,-39.56771
18.124163,-28.73164,-37.21062
15.903853,-30.460997,-35.118587
14.274848,-32.873703,-35.33446
13.354739,-34.266445,-33.07637
11.403492,-36.067448,-32.51639
12.07799,-37.976025,-31.638737
14.028593,-40.81558,-25.629118
10.478017,-39.975025,-30.175003
9.516159,-41.633026,-31.622196
9.310081,-42.209568,-29.47948
-15.0524435,-3.5922315,-32.945873
-16.734608,-2.0885828,-34.145214
-14.8153105,-1.0231315,-33.13576
-1.6223199,-18.408936,-34.658585
-16.64031,-2.09993,-30.088428
-16.054546,-2.3367052,-28.33766
9.396819,15.159606,-29.820137
29.794552,-37.266212,-39.9818
9.581231,5.2939963,-14.606648
2.9828875,1.5876906,-11.103485
6.860419,4.3255386,-14.628636
6.981176,5.405431,-12.339284
8.728623,8.01562,-17.721575
8.776958,11.533746,-19.7303
9.488876,4.662022,-11.897509
6.5973597,15.705521,-17.94328
7.9624968,5.546898,-18.831259
9.449217,7.135685,-20.35193
5.046901,7.585019,-17.464163
10.083715,3.7246516,-17.710863
6.43438,2.637933,-12.100608
-28.272892,2.2473211,6.8297086
3.35918,30.640358,-34.58154
13.063031,20.971146,-12.807268
12.190785,19.833815,-14.051489
4.177369,31.004017,-35.60564
5.9237833,35.21667,-22.453804
6.3908215,36.249115,-24.369387
2.0268445,32.475903,-36.80448
12.871461,16.587172,-17.674335
11.362628,17.643248,-15.743921
12.668479,13.543804,-19.992731
24.390577,0.4359199,-4.669231
13.3040285,12.2137165,-18.145807
15.887435,10.665929,-18.407515
20.94812,11.821519,-22.903955
13.111237,34.622852,-25.611681
10.126047,37.169155,-24.478657
15.445818,21.875479,-10.788114
-15.050611,49.401165,23.941864
-14.243856,47.34502,22.718584
-12.724444,48.221626,22.447903
-12.726341,47.021,25.031502
-4.6972513,13.4074745,48.5537
-4.3494096,13.509018,49.342667
-24.82333,7.9978714,25.051964
-12.893539,7.0890636,5.791181
11.233583,-7.9238114,-30.505186
8.849964,-11.388035,-26.69866
13.718026,-0.8334038,-37.1516
14.667501,-3.260048,-39.15417
15.241142,-0.42894825,-40.675007
17.042807,-0.782687,-38.54741
7.5609646,3.7661324,-44.04907
5.5993443,5.789218,-44.536316
6.9066753,7.074752,-44.76404
-4.4423046,6.502281,-42.866226
-7.4886627,7.548063,-41.44745
-13.500542,22.753824,-32.615482
-12.7288475,-46.349064,-21.40838
-13.019907,21.67341,-33.525112
-11.18373,-45.368225,-22.760166
-10.367922,-45.54335,-24.319649
9.178578,-4.2381396,-43.625034
7.3132987,-8.151973,-46.780346
5.1889353,-8.254044,-46.32106
5.1291265,-8.875234,-48.46776
5.030301,-6.262408,-48.310417
-14.277186,24.103577,-34.00708
11.785323,-1.9396367,-34.58297
13.26469,-4.5812435,-35.45553
10.509476,-5.291152,-33.736942
13.357156,-5.6477456,-32.598606
12.572712,-7.803196,-33.84979
14.235219,-8.374609,-32.29092
12.627032,-10.354058,-32.527443
14.599923,-11.746968,-33.577366
6.658029,31.390188,-36.59281
-18.371666,-36.525826,12.381535
0.8308659,-26.641298,-5.616463
-14.403156,-27.427027,-24.019451
-13.288385,-28.862463,-25.75926
-16.443153,-28.309935,-26.642624
-16.561544,-28.423729,-27.495464
9.942754,-7.869926,-28.468742
11.709961,-3.031807,-38.13946
0.47310746,-24.004822,-46.664845
-13.044454,-5.9428024,-34.47443
12.59559,2.1941745,-34.707287
-2.7745273,-8.6193695,-40.405743
-2.0438597,-6.044095,-40.359367
-4.432231,-5.934147,-41.604748
-6.8859797,-6.12451,-43.754562
-7.4784636,-9.551868,-44.746017
-1.9438312,-10.401251,-42.348305
0.9434323,-10.072909,-41.90898
2.9430847,-10.420853,-43.04055
-2.0388322,-7.109155,-42.826458
-4.388627,-7.460376,-44.713264
-5.580511,-10.87727,-44.631115
1.7027136,-31.162836,-11.745743
-6.0977173,-9.322556,-41.91293
-0.15396886,-22.779854,-23.991625
-1.7927809,-22.829044,-24.57489
3.5191188,-31.11807,-12.105468
9.028317,-25.894037,-10.251124
-5.646482,-3.6711504,-43.98568
-3.416103,-4.3976984,-45.17423
-4.7523656,-2.46522,-46.369976
-5.842785,-5.5271816,-46.75079
0.22571762,-26.400158,-9.666548
-1.7231692,-23.427385,-14.025713
-1.1514062,-28.557045,-10.302655
3.7007592,-25.911297,-15.090426
2.8020446,-25.456669,-13.692193
-4.245156,-10.938402,-39.022648
5.5661635,-27.186499,-13.562245
8.326564,-27.983107,-11.066448
-1.7751251,-22.756252,-20.755312
-0.13186204,-23.455948,-20.47217
1.0701886,-23.115255,-15.301861
1.359452,-21.691069,-16.359825
34.995953,-10.837805,-12.629603
13.92183,11.265889,-31.342102
30.822147,-17.141344,7.294635
5.1900125,-38.599205,-1.2671679
-1.5145512,-8.516324,-25.33298
21.402044,-28.472157,-15.93974
-22.135084,32.4123,1.3473401
2.7020843,-5.174447,-25.128063
35.98526,-8.408935,-11.161636
33.492264,-23.462666,-15.599787
33.643627,-5.397734,-23.22212
31.477646,-2.5678828,-25.644428
30.753353,-0.4279166,-27.829762
34.438774,-2.4768276,-26.177298
-13.209281,8.153278,-41.69633
32.930077,-0.17658515,-26.703247
33.15287,-5.3728914,-26.676579
31.8543,-7.1965384,-27.631708
35.662357,-4.8096185,-21.322813
-24.283703,4.9832745,-25.804918
-23.091475,1.6353716,-21.184965
34.4173,-3.0104787,-22.1624
32.846638,-2.3612597,-28.268051
35.918888,-4.836247,-24.010279
3.4348204,54.70688,20.304884
-27.70391,7.343175,-28.67829
-27.579718,8.383997,-27.438278
2.729781,53.577667,21.391396
22.926035,23.656084,-5.897794
24.53143,22.636015,-5.003014
25.303753,21.830616,-3.304741
7.1117606,43.26474,-12.620217
25.981436,23.529976,-2.9883685
-10.709402,8.052649,37.502037
-28.503656,18.679237,0.2528661
-3.9343626,33.476883,9.7619
-22.632326,5.9519873,24.843742
-22.26739,1.6208594,25.014565
-11.816234,0.79771817,7.5188065
-16.381588,-16.243309,14.007501
-15.224642,8.804038,15.625766
-4.697162,13.55333,30.146008
-26.537247,-1.2366107,17.207785
-4.1248593,33.04964,12.112324
-1.9172381,35.015594,10.276271
-1.8745533,31.69288,10.752553
-2.1842918,37.619766,6.9131722
-4.545098,35.656464,11.290803
-1.872834,34.364178,12.959694
0.2919238,33.82186,11.994885
-1.6570716,34.257797,7.1654267
-29.8343,-41.845085,-2.235446
23.601557,-5.4780545,5.3848023
15.870945,-3.8404706,20.576937
-39.828625,5.4529667,-3.4543161
26.879753,11.502483,2.590703
45.384087,-4.316197,-8.462026
-4.4957385,35.302853,-17.338993
-28.13089,-39.49108,-3.4821775
-28.172085,-44.128136,-0.46729577
-30.077255,-44.728516,-3.778507
-27.227743,-45.867912,-3.3147392
-32.218372,-34.2945,-2.622974
-30.77647,-36.85052,-5.159844
-31.89831,-18.462961,-32.132416
-31.771582,-39.853928,-3.8301055
-22.132988,-43.22417,-1.0615287
-30.841328,-36.93435,-1.9338644
-29.678179,-41.53202,-5.752958
-25.020006,-43.47043,-2.1266475
-24.815573,-43.697243,-5.225531
-24.973665,-40.756313,-4.2487164
1.8191788,35.01775,-18.062704
-23.724108,-37.72851,-1.6640046
-26.61272,-42.178963,-7.3437085
-26.81205,-39.14449,-6.373548
-30.754082,-39.946106,0.8915671
-26.520958,-40.802773,-1.1994277
-27.961838,-41.22889,1.8777311
-28.779045,-37.98517,0.6525696
11.353374,-30.69839,-33.886845
-6.473689,-38.681618,-6.5048347
-8.860798,-38.76027,-6.141447
-7.2024107,-36.22549,-6.618927
-9.693628,-36.409973,-6.9486003
-8.195026,-37.652378,-8.783144
-10.225293,-39.157562,-10.107836
-12.621944,-37.943256,-7.6291766
-28.367746,-0.3626798,-41.22557
-9.719021,-35.47435,-10.256762
-6.976028,-37.632153,-12.270128
-13.251091,-36.9217,-10.442447
-11.542814,-38.003574,-12.828561
-13.8019,-37.611176,-13.433995
-30.036734,-1.2159711,-39.241756
-29.42031,-3.3665652,-38.330734
-16.403872,-29.312662,-15.860028
-2.1310196,11.785196,-34.54126
4.861753,-41.841454,7.0409327
10.457245,-40.329815,7.443076
11.528046,-39.73297,6.5734386
-34.932217,-24.521427,10.5827875
-34.732788,-26.389582,11.101595
-32.944656,-25.779657,9.895576
-36.668903,-24.445742,12.627355
-34.925648,-24.734709,15.309496
-34.88261,-26.163008,16.369576
-38.60431,13.536406,4.966399
-38.76556,12.191205,2.6887243
31.56221,-14.239929,10.465685
-37.885483,14.129616,2.877371
-40.09184,14.557275,2.527638
1.8367805,-38.3854,-3.2976496
2.702045,-37.639153,-4.47297
5.4033623,-38.916054,-3.791389
4.136256,-38.695183,-7.199271
6.0991025,-39.38662,-6.3817477
0.66298205,-37.902813,-6.941064
25.253016,-9.765507,6.6280446
26.5049,-8.100936,7.227543
26.85615,-10.255518,4.4242177
24.17539,-10.804118,7.2860045
26.306704,-8.198349,4.2106056
15.531845,-14.604978,8.712242
11.063206,-28.928856,7.7328196
-16.655819,25.99707,-1.3142452
-17.152977,27.523455,-1.0009562
15.501766,-22.285742,14.140203
14.060898,-21.91161,14.522759
19.743761,-23.246986,12.604805
11.421941,-24.214071,0.036217026
11.166015,-24.072058,-2.0170557
8.233088,-15.764488,-24.398582
8.439909,-17.616032,-23.397362
15.452358,-25.667389,15.8876505
21.133417,-24.220806,11.333637
17.500687,-26.054785,14.612432
21.60182,-25.597027,9.826815
20.435623,-13.937055,-7.983755
20.108711,-15.314968,-8.951126
20.73971,-17.892864,-8.366289
21.785746,-9.542315,-42.091137
22.996828,-7.4186697,-49.402927
7.233295,-20.320618,-50.15653
21.197197,-9.585764,-43.592033
23.79398,-33.78496,-15.563514
23.123022,-32.228054,-16.171038
34.143864,11.415903,-3.1892197
12.360924,-41.680798,-30.850338
-0.74280757,-15.760341,-33.273148
0.99683905,-13.814719,-31.092024
11.115904,-21.153337,-20.729568
9.297142,-19.970245,-21.91983
18.667606,-14.256686,-11.070109
-2.1058896,-15.802726,-22.013062
2.2936337,38.723736,-8.481958
14.027941,-7.571001,-0.41818726
6.1979413,35.550346,-10.744235
-2.087253,-23.304783,3.3280551
20.63866,23.113482,-9.267495
-25.759937,-23.89769,-21.586414
-24.167252,-22.633091,-25.119621
-24.114592,21.566528,15.695116
31.02332,17.645779,27.096592
-31.924927,0.13565741,-38.549637
-21.621267,18.568825,-18.162985
-10.749612,37.14759,-13.858027
2.0684574,-26.70873,-3.2738147
-1.0053474,1.2334085,-32.067837
-5.4338336,-16.15939,-27.409628
2.4145799,-11.157424,-31.640137
29.7853,-26.489525,3.0915148
31.81271,-25.73275,5.700003
30.951645,9.017734,-0.5935359
30.74792,7.8078065,2.9766474
-1.0315067,39.471382,5.1945405
-16.524496,28.151653,10.6512
14.461851,17.287968,18.685425
29.241848,9.333836,-0.8586109
5.538654,-28.524002,9.713269
6.343404,-26.349777,8.819063
9.383914,-5.1962223,-38.603374
6.848825,-29.184841,12.068017
4.3491197,-24.837496,10.727531
11.208214,-4.612141,-42.57201
6.2614655,-25.827467,4.5297017
33.482964,-2.8479319,15.913973
-32.609837,-42.343796,-7.8832636
-0.7513763,-24.42528,6.194825
32.094276,17.941727,3.8366003
25.686245,-15.461052,-2.2306063
-24.575333,3.79191,-7.994528
-28.296137,10.191858,-9.658665
-33.047665,28.636303,25.35494
5.1854424,6.426359,-26.42027
3.8890169,36.127293,-24.455675
0.48063916,-5.8004637,-5.0975804
16.275108,2.233928,-8.263417
16.190607,0.86320865,-7.2130594
23.65992,8.331043,-1.042739
-2.0043216,-16.959143,-32.703926
41.429066,-14.094799,2.516642
11.555335,-44.93751,-30.041866
19.36365,-47.017437,-25.696941
44.262924,-14.719769,3.0056636
-20.370655,-30.819195,-7.7464924
42.061462,-13.123541,3.4553273
23.848375,-12.750578,-18.80785
0.7283403,-42.596443,7.3772225
-7.080801,6.6786814,-32.252033
12.157642,17.07345,-32.348522
-5.2989235,7.741735,-34.40135
17.833853,-26.446682,-34.32392
3.597211,-5.178801,-50.988964
-17.600903,7.512752,37.774982
-19.307888,8.948724,38.663998
-21.599274,7.720693,40.317284
-24.274315,7.87401,40.394875
4.9417777,-28.871248,-28.503809
25.605087,1.4677616,-6.2676105
-20.560076,-21.088865,-19.43002
20.03888,5.4242163,-2.325099
-8.142683,-31.391525,-14.557515
37.83702,-13.137791,-11.7404175
11.939207,-1.7198118,-29.980286
6.776515,37.366844,-13.253691
-2.0606267,6.4248233,-42.336994
17.479475,-6.88353,5.4856005
14.436472,-17.906557,8.142056
25.81638,8.138995,-2.5538535
-29.727121,-2.6113687,7.813658
-30.888517,-1.6961474,8.703929
-30.454842,22.515186,3.329566
6.417831,9.993437,12.7109785
-17.003008,29.076172,-9.684363
21.33777,35.370464,-3.3596466
4.4727325,37.91146,-8.953213
7.6725945,2.1902122,-39.11104
9.58871,13.903229,6.905812
8.990832,12.089243,8.155118
6.1845098,-54.625744,-9.010647
2.6887777,-10.105851,-12.01155
-9.879368,-29.207882,-17.202509
34.91809,-24.441671,12.18715
-4.542903,-0.54450035,-6.000399
-6.581128,18.913643,-11.663457
-5.5546055,-30.49868,5.580458
1.4125563,-43.855583,9.884478
-37.608185,25.955246,21.535095
-36.796364,27.696663,21.373642
2.0699985,-43.458733,12.28708
-33.242683,24.145733,26.351734
-32.645523,24.94965,27.612795
0.7324327,-42.45748,10.315679
-35.200115,26.799816,23.624315
-35.128654,28.414387,22.804949
12.028732,-1.1008568,-40.144417
-3.257421,6.4377522,43.31908
9.6687565,17.91982,15.530378
-8.578697,4.728933,-14.508221
-24.621906,7.0726223,-34.446167
-25.272041,8.462917,-31.100937
-10.642303,9.725795,-31.454573
-9.205063,10.314695,-31.078823
4.3049994,25.263014,-14.131465
24.766552,-1.213247,0.029517148
4.987874,24.02393,13.825533
-14.254752,-30.699942,18.219574
-20.738632,23.791302,38.967213
9.372143,-14.58342,-9.0094385
-19.126036,11.30558,50.639816
-23.954123,-4.9876533,-1.4252491
6.5209594,-9.489499,-15.384019
-0.6931127,-6.8381186,-15.274501
0.32148877,-5.453976,-16.730394
-11.728055,45.743706,27.080008
-10.806552,44.402664,28.803295
9.329238,27.99192,-19.066486
32.24616,-22.511131,-15.467788
-7.7257,-15.760901,-26.680374
-23.091274,31.613428,2.2361896
15.487425,-35.156757,-20.677187
-10.841167,25.132261,-2.9404252
23.198978,-9.036237,-7.671064
35.928776,-12.470979,-12.263139
16.246248,-32.40836,-10.835091
16.531406,-31.79195,-7.7410107
14.202134,-31.925869,-6.5751705
13.906328,-31.108776,-9.365331
13.867333,-31.096851,-12.251606
16.771027,-35.620224,-12.966677
14.942429,-34.566593,-9.148755
13.636515,-34.05926,-11.8098955
11.496309,-32.712364,-10.590549
11.811109,-33.370365,-7.9609756
13.646692,-35.643627,-6.9146943
11.98746,-35.602306,-9.803981
8.8728485,-30.09007,-14.207687
4.5752826,-35.87096,18.340054
18.625546,-10.426583,-47.492203
6.920216,16.769655,-29.55319
34.44484,-3.249203,6.022668
10.498955,-10.919436,18.53768
32.749874,-24.01575,-5.9465194
15.79274,8.761884,-29.939257
18.833157,-38.59941,-4.7016196
18.225636,-37.690907,-6.0684533
-12.220619,-4.975488,-29.499504
10.344497,-31.136827,-37.551247
35.62508,-14.551989,-14.94658
29.316954,-17.387918,5.8554363
-29.512354,-10.733231,-20.462076
-39.81406,-6.486136,-19.572819
-30.433626,-6.794848,-14.245777
-40.650875,-5.022442,-20.557846
-41.464504,-3.3338063,-20.551758
-28.672832,-5.5982614,-15.397315
-34.63066,-6.476008,-17.54198
-33.11196,-6.088223,-20.181961
-31.564827,-6.6197066,-19.399794
-33.067886,-9.050209,-18.723475
-29.667048,-10.6762495,-21.998608
-25.689762,-13.762819,-20.191671
-27.615839,-8.567216,-18.672676
-29.300991,-9.231395,-17.47505
-30.410759,-12.4813175,-18.549166
-31.997923,-16.188328,-13.709025
-26.944492,-11.544012,-12.172638
-28.986681,-12.525166,-15.459687
-32.773464,-10.022954,-14.040997
-35.10264,-10.605849,-13.502724
-32.499664,-6.0813484,-13.527079
-26.998255,-28.513813,-13.98992
-26.574286,-29.007198,-11.322526
-33.987766,-12.665335,-19.353327
-30.538599,-12.052528,-12.227678
-42.35206,-2.2571065,-2.8278427
-25.196598,-25.980398,-10.95597
-26.8735,-25.731396,-13.719169
-25.080078,-27.826736,-8.54316
-22.979565,-28.431164,-12.000477
-22.379433,-24.379282,-12.604126
-20.641592,-27.387127,-12.3769245
-21.712315,-29.123814,-9.399832
-23.24931,-26.741013,-14.654816
-15.119789,-22.150139,-11.122877
-16.664824,-24.30848,-12.199075
-17.007046,-21.636265,-10.668058
-16.864027,-24.513948,-10.157053
-27.54838,-26.22158,-10.270203
-21.850683,-26.312243,-10.225754
-25.668251,-24.281424,-7.5042872
-23.612625,-23.325083,-15.638579
-26.23538,-23.14713,-12.822877
-23.281818,-21.512169,-14.022488
-21.31488,-18.804983,-16.995481
-26.512892,-20.095547,-18.140936
-25.812078,-19.590803,-18.022781
-22.518978,-16.74689,-17.792585
-23.411846,-22.592636,-7.924765
-23.535995,-20.69415,-9.412248
-21.776577,-24.603638,-21.805992
-23.096087,-23.808874,-22.931955
-18.052664,-34.193,10.534972
-22.130322,-12.626362,-23.009657
-21.975912,-11.322609,-24.927578
-22.4863,12.24075,-36.148174
-21.643301,-9.608276,-26.653002
-23.523684,-10.5995245,-26.638842
-1.2668998,2.6844163,-11.280394
29.288746,-5.011974,-25.246359
7.6176453,-23.881798,-33.43196
-17.429504,-22.886265,-22.156322
-17.902657,-2.197011,-20.71582
7.6886516,12.153267,-37.721634
3.3279278,14.094719,-37.372932
1.5545038,-15.009633,-25.5232
25.801569,-33.25976,-3.9824789
-3.8283422,-14.234819,-27.708588
-18.924564,-26.06221,-24.639673
-4.5474668,-13.044454,-29.90577
-19.85298,-2.1082458,-20.563646
5.8140597,12.904572,-37.737762
-12.208338,-7.27391,-19.614342
7.8575153,-24.122492,-7.1340804
5.5667343,10.733853,-36.573315
21.966911,-18.29491,11.5023
-12.074933,16.255463,-18.259298
9.208603,-0.6519773,-1.3438865
-16.193472,-24.279669,-21.002954
12.843695,38.096733,11.555516
-0.9514543,12.629809,40.910374
-8.788311,-15.421844,4.4950137
-28.313396,16.910486,44.731224
-25.996685,6.196051,40.607864
-10.957139,36.03318,36.101963
-13.582693,7.3191233,-20.764082
-6.903641,24.360634,44.59933
-36.31575,21.660423,38.502186
-17.5786,-31.03685,11.306735
-15.434259,30.057892,39.702778
-1.4430978,24.088837,35.95485
-15.189485,-26.481302,9.968678
-7.217725,23.333374,35.538918
8.511422,47.61927,16.206306
-20.435753,-29.54585,9.543144
-26.816154,20.66913,44.67552
-6.977388,20.089048,-21.704342
-11.179313,-17.956635,-7.85592
-29.060701,23.701357,45.30272
23.150978,21.079315,32.924313
-21.21913,23.91504,42.97101
-26.617521,20.29971,41.648655
-7.5861526,-12.644501,-11.791844
-21.04357,18.029732,44.67818
-5.0180206,-10.90532,-12.921888
27.224209,-10.383427,25.978975
-27.356264,16.199068,-6.0234847
-10.478157,-10.9283085,-7.071402
-24.044804,9.49543,34.10521
22.394558,-22.377916,-3.7084694
14.766528,32.051876,-12.091988
-27.969086,27.3037,40.875652
-33.839226,11.003557,-6.339307
21.507217,-24.233324,-5.8271203
-29.500025,18.450123,43.32293
-9.534919,-12.531611,-9.268972
-24.767124,19.95714,45.959923
12.003635,18.310259,46.40836
22.716633,-5.645712,-10.751129
-6.055537,-3.8769875,6.1719975
-39.526165,-24.639091,12.555951
-11.154333,22.094875,39.22876
-34.280346,-30.429976,-2.2710986
-2.6334393,-20.232908,18.119833
3.8365734,32.805374,-17.186161
7.389234,26.290516,-9.844169
6.23306,27.243298,-9.328005
6.2231364,29.87027,-9.217725
4.069183,32.186665,-15.593789
5.7544127,32.37571,-12.389571
5.997536,31.73167,-10.524471
5.485978,26.734068,-12.27927
20.258112,-42.706257,-19.575811
21.19814,-40.368206,-18.039179
20.917557,-41.90854,-22.42261
17.536701,-44.332245,-21.525038
22.758997,-41.805916,-20.185253
17.107203,-37.31452,-20.103384
18.008575,-44.173374,-25.29628
17.630726,-41.22998,-21.839859
18.331184,-40.30961,-19.176313
16.764694,-42.167053,-24.630737
20.01126,-39.167915,-21.104527
19.068493,-39.14256,-25.206038
24.039291,-30.146227,-29.94745
27.653198,-32.2392,-33.939907
27.639223,-31.652351,-38.44319
8.790486,16.777794,-17.748863
26.434742,-27.414082,-15.76547
-4.866141,-8.060909,-5.033124
9.315093,-11.028009,-15.354045
7.189598,-11.469756,-14.584347
-25.009874,12.361411,32.32902
-14.851913,30.175327,18.072657
31.792564,-29.190971,-3.0073335
8.995176,-8.970072,-17.40879
6.4329667,31.82278,-21.017029
-29.294497,-6.843403,-3.9162261
23.905857,-16.869421,-13.918967
23.305304,-18.569246,-15.092481
-21.694397,32.54221,13.99365
22.859684,6.0963736,4.0341525
22.515032,7.673054,4.060573
22.173927,12.771106,2.50714
20.222822,14.287308,0.47599673
25.899576,-18.949892,-11.17875
-17.247154,27.854677,-10.403252
21.071907,-3.2254615,-2.8677082
-10.9823265,-26.462988,1.0656947
-4.2554526,-4.411919,-15.026745
16.824823,23.921652,-7.286583
-1.7878451,-35.08164,16.042938
-20.039831,9.937918,48.64192
3.9579632,-1.7557193,-49.925934
1.4011956,-0.4646075,-49.67131
19.947905,15.220463,-1.0275612
39.617702,-10.672629,-8.487965
14.7172,-8.510523,-50.55461
16.886868,-9.009901,-49.33207
18.859295,-8.709709,-51.263844
18.715664,-11.279808,-50.400757
21.085558,-10.421886,-51.508175
-30.671762,-4.1087093,-4.2370634
-30.338121,-4.168065,-2.2548707
-30.315939,-2.5220892,-0.3164644
6.0789685,-6.869662,-16.832268
-4.6735845,23.987738,-7.4998417
-4.4842286,21.556202,-6.950416
-5.291871,24.227942,-8.985212
7.196005,12.244015,39.637463
5.6781077,10.349792,37.710705
4.6338525,13.069455,38.027428
7.0766025,14.438719,37.72692
-9.740299,-10.661873,6.075202
-9.975523,-10.829826,4.3340807
-23.278679,32.33218,12.659137
-11.921829,31.852577,13.073675
-33.703587,22.031387,5.765878
-4.651647,-8.143009,-25.876522
10.308695,16.28199,-13.081891
20.644737,-49.574303,-18.101625
33.436996,9.413548,-1.754805
3.0974605,6.888534,-28.117035
3.702395,-52.48828,-8.394631
-17.630573,10.58549,49.766376
13.971648,-11.435551,24.05333
13.075465,3.5349245,-14.368021
-10.180224,8.637824,40.46511
-18.107218,33.2807,8.47345
-16.190126,32.70552,9.341579
16.610031,7.3386483,-29.199492
-38.566822,-21.854658,12.790351
16.75766,-15.897746,17.078773
34.10211,-14.387851,-10.1579075
16.389172,-3.2442672,-32.595993
9.730641,-10.660612,-25.500038
9.043019,17.092827,-31.11322
-10.185399,37.025948,4.06476
-7.3770976,38.397423,5.2498083
28.999252,7.1949444,8.576015
-3.5252042,-38.136715,-4.6662955
-10.250251,-32.15883,-12.141549
14.41945,-4.8739824,6.701458
-1.0721468,-5.8976727,-9.388412
7.1853867,-0.03691395,-15.437845
-24.010395,2.8520358,-5.0002613
19.213377,31.916624,-2.0526695
-2.125594,2.7687361,-41.046566
-12.937182,10.521977,44.44146
11.127377,31.221771,1.951249
6.2445803,2.6845813,-20.076487
-11.712088,15.909926,13.477018
4.5361304,1.3627683,-8.898212
27.037754,12.9261055,32.25061
-22.320658,19.82013,21.986952
10.458106,24.77522,27.490223
-25.380241,16.938755,16.9494
-3.8164833,5.237811,22.064707
-3.2790802,16.183895,-4.074171
6.0234833,6.315555,-1.4678363
-13.13898,-11.464644,6.0457973
-8.870612,-10.351495,8.40611
-15.848325,10.558725,37.7979
15.11734,18.237156,9.991438
-15.161928,5.111762,41.465546
-18.270226,13.307058,46.607994
-28.267714,16.79638,3.1127346
23.017805,33.717323,0.77353287
-29.506472,16.19218,46.628426
2.124538,-26.674932,6.4353566
-8.49628,28.623377,38.5735
0.54517955,-18.0021,9.159938
4.763136,-10.607045,-6.6757627
-4.766502,25.17278,40.20866
14.871555,39.87837,-7.8735476
-17.675064,14.053486,19.05422
5.0295186,-8.231139,-1.5451137
-2.4270232,-10.925934,-12.436192
-24.530697,-14.896373,-37.685246
-14.187982,6.0946007,43.115784
-6.9233613,15.528406,30.006529
21.761366,33.784985,-0.49293032
5.6333046,-9.535079,2.066989
-17.26453,-11.123182,-0.087830365
19.483547,-20.008448,1.4861581
1.1942766,-16.632532,6.8713017
-8.366861,-37.09094,-3.3103418
13.884179,-8.052535,5.0745974
-5.3140454,-15.506962,-7.8737392
7.8878675,-12.9945965,-5.6698275
5.1687984,14.903134,51.80802
8.506849,5.91472,-7.3105283
-17.95201,19.245382,35.310307
7.0170493,-5.197917,-0.91377103
18.446585,-20.234257,22.75823
18.545172,-34.31446,4.086613
-26.259575,0.23351565,28.085201
-8.346897,33.72899,22.865164
0.9890287,-22.04838,9.983589
-21.24738,28.85231,18.01777
-5.235558,40.062428,19.126902
-38.302956,30.029722,0.6546669
-17.184483,8.6853,2.8757286
16.00688,26.785297,9.243871
0.734442,42.02098,37.541718
0.9680296,18.400911,37.99692
17.431774,24.615602,17.59359
3.1875918,-6.6633363,-11.366313
15.928645,-7.963179,32.7864
19.0063,34.23321,-4.4155207
3.6574874,-13.184991,17.532698
1.4588063,-9.456148,-1.3603513
16.07534,40.526733,-5.860522
-16.085833,-6.3414407,38.338192
-24.494951,17.536018,19.36916
-1.9539863,-8.002199,-5.970969
5.9824123,17.204079,50.115448
-3.6361632,-9.024389,1.6635317
-37.68061,13.656198,12.388779
6.1819777,17.18611,-31.649433
-7.331746,11.988652,11.27006
5.5731783,24.635946,-0.31191087
-26.299044,22.265596,13.969962
-7.7030363,2.9711928,35.27861
25.027758,-27.461273,-19.227436
13.802861,17.52177,26.695957
-39.295,11.365153,11.090315
4.8964825,40.06184,14.894719
7.673306,-0.9356845,34.066753
2.8116844,3.453165,4.151101
-9.329335,1.9800721,5.6241603
15.111501,38.15615,-16.576118
-8.3717985,2.2229095,9.969212
-11.0132475,-17.20394,-5.664598
-26.952902,15.533549,37.565506
17.274601,9.549651,5.847267
2.6487982,29.402887,34.950317
-9.970459,24.630533,44.69932
0.023639727,25.780252,33.10018
-25.646074,17.195454,11.010307
-10.13404,-4.5481596,0.9747389
-16.37495,-1.1959915,2.3265362
2.9917407,11.385738,3.6200676
-27.781992,-17.208733,30.089777
-14.554115,-2.5537493,3.5920062
-7.9089575,13.687667,39.932957
-1.0307875,26.328974,14.76899
5.0937915,-15.782593,-3.993687
-19.298761,12.235794,-1.6765335
-4.6345425,-10.199621,18.746382
5.4774556,41.55896,6.0464973
15.832554,37.419147,-14.882523
-10.180165,-4.7414308,-1.9358988
0.85461783,-15.43961,-15.768761
6.0383377,19.136683,21.122261
5.2530317,-10.325535,27.22848
-29.406837,-9.931771,19.533155
-1.4470788,40.866158,32.74377
-17.326729,-7.419386,39.54835
5.21427,35.55836,17.320576
18.488232,-7.353563,10.565753
-12.652872,10.861447,-30.332966
-38.32527,0.4422584,8.339776
-0.39449075,23.51644,18.41684
8.905826,-2.223316,35.887096
-10.633457,29.048801,43.979202
26.816597,2.1703856,7.6639676
-4.6803927,-4.4545593,29.461926
8.495054,-13.935833,18.268276
25.415165,-9.132166,-6.261989
1.9535954,-8.608031,10.96314
14.867964,9.650765,12.7149725
7.659549,-15.707545,-11.018701
-21.250902,-9.658143,-8.739135
5.018425,9.194534,7.478239
5.053613,-13.516474,-5.7818475
8.793777,-6.0221105,35.911396
7.30853,19.021435,39.734573
1.0030763,24.487894,3.275417
-17.416878,15.480038,31.93856
26.132887,-12.546381,0.78696287
-22.768341,10.091848,-5.4207406
29.650822,-18.716026,-6.352449
-13.08995,16.999973,19.985346
16.739262,21.24401,4.4691653
-25.251774,-1.8135383,-4.043926
-33.159306,-32.35076,-2.3584878
18.869415,34.339703,5.0664625
-7.0955296,-11.444519,10.590049
-0.24653314,-15.405274,-8.177283
21.380672,-14.531458,7.792771
24.72379,13.848911,34.04014
-20.480919,18.161398,41.041397
-4.0770082,3.528833,24.963074
-27.11095,13.64964,-4.346351
3.3778398,-8.085465,28.023071
-25.057959,-8.1129,12.11827
-1.7964214,32.08982,17.370846
-7.1343107,-18.207846,-5.139561
-4.7663965,23.891582,1.4102473
26.870478,-9.823781,-5.4187436
12.098366,17.416197,4.797266
-18.04708,12.775586,31.013807
-2.272762,-0.3319976,3.9979532
17.853977,8.12074,17.52434
-6.962963,41.200237,18.126318
-19.214628,-3.8181982,-6.634628
2.177717,-12.50996,3.5666485
-9.686037,26.626093,19.43075
-17.55188,-18.571371,-0.7920252
2.352943,22.277107,3.996974
-10.626964,-16.966806,25.7619
-18.907795,7.1925125,11.105751
-34.751778,-0.6636865,2.059709
-15.401313,27.199268,16.229141
10.159218,-1.0725365,-9.73174
11.920521,-3.4203591,10.718034
-2.2945385,6.3154483,36.766148
-16.816162,-4.5004363,0.8463805
0.5910586,8.064216,4.137935
5.649826,32.799362,25.204624
5.932661,28.105904,18.696444
-21.03918,24.564354,45.32364
19.320583,12.843767,15.674533
9.065873,19.87607,34.96913
-23.173325,12.013325,49.269505
-22.569088,12.629818,47.048172
5.467015,16.361816,-2.405873
-4.3460965,-15.02764,-0.43895832
-16.604822,30.832632,22.958874
13.603628,-11.933014,7.07459
-26.816753,-6.000291,34.714725
-12.2710495,7.7937694,26.47644
-28.711103,9.309449,8.777469
5.600544,14.535855,13.599454
-3.3044276,-4.795386,11.708813
18.494537,-3.451446,31.765493
-11.738961,12.961863,33.070606
7.4938736,18.63436,-3.6239614
-10.499057,5.1043086,-1.8130915
3.0051432,35.90968,21.95336
-24.341892,-0.64464056,6.2601123
1.5873591,4.080297,-11.416724
2.7923198,15.979705,6.580269
-15.8829,36.332882,15.1268015
10.427907,-12.287211,-6.7301674
-7.1206217,11.097873,33.63297
-20.632908,-8.124148,37.94045
-24.891304,-18.97075,8.321064
-3.247243,31.200806,26.77469
10.297434,-8.291973,-7.9893136
-13.418792,1.1182885,9.451749
-19.99343,10.8612795,42.99663
-6.449246,31.524605,23.426664
-10.413833,3.7105496,30.986874
-24.615442,-6.245953,5.8864655
2.266188,46.962135,28.958372
-25.47586,-13.4913845,4.3189545
2.8842409,19.084232,-2.5692074
-27.964056,16.869259,18.43941
2.9337397,-8.174054,7.2228684
-11.25545,19.359928,22.391014
18.27415,2.507554,3.9434352
-11.676,15.77571,35.254738
9.34284,25.833136,21.838058
-13.890435,36.107506,24.795332
-4.0412474,32.703255,29.294611
20.769693,13.064139,15.026917
18.19128,37.475765,-15.521075
7.9577646,17.777464,49.010017
-19.732649,12.366635,40.8765
-10.9129305,10.30158,9.198378
11.174513,4.2845917,18.88376
3.5673351,11.62134,-3.4776554
4.848976,47.36168,26.102507
-22.151604,-2.5277462,12.075909
11.322252,-14.617203,12.184871
-9.447086,7.450503,18.0532
-5.6193795,-1.4387949,20.125677
19.670954,30.906185,11.01933
-10.764797,-10.516031,18.516144
-9.712153,-2.5895138,2.818138
-10.736394,-8.599487,24.52554
23.343155,7.150876,24.121721
17.29829,34.45023,-6.4806476
-9.814932,35.525,-15.688221
-7.4833317,28.323286,26.591751
-11.783046,10.874503,-6.0585456
-5.5254107,39.933376,35.75939
-3.4392526,46.616272,25.764153
27.346043,17.503119,14.286847
9.902238,25.464937,15.696815
-9.767606,13.064519,-9.592666
-2.3545768,16.927979,6.6296926
0.13651006,22.979485,11.168491
16.525465,7.112833,24.066313
23.834797,14.720977,20.833643
7.8486557,9.293784,-3.6803787
0.6802379,32.628178,27.191254
6.7862926,-5.8794465,22.356419
-12.734213,-0.03528163,-6.979808
-4.111575,12.534255,19.421513
-11.662621,-7.392072,17.107235
-12.899994,9.520264,15.704113
-15.25559,1.758911,12.342928
-21.863811,16.538197,-1.2445254
20.63894,9.563551,22.419577
-20.304232,-34.65664,9.751793
-16.320515,34.87872,23.73912
-17.293406,-10.431349,14.641202
-17.004347,24.292719,42.12816
27.62035,4.8693867,15.664599
10.058886,-10.159325,-7.4944854
-0.1786551,-5.5253935,37.761963
-4.4969397,8.281525,28.022976
12.526913,9.939627,22.14894
0.42523876,39.588737,-8.052745
-22.900057,3.668179,4.6893783
2.6997173,41.506203,16.244457
24.589277,19.653536,21.874575
-29.901293,5.684678,-8.749983
13.651873,9.665356,4.4159904
-19.032284,5.4861603,18.520212
-2.7042277,34.86588,29.906384
-10.981938,34.831947,-17.679136
-19.620985,11.306829,-6.607513
-8.662108,11.880856,-4.361724
-13.007393,25.028902,38.942825
-6.6934595,7.873929,16.811071
2.195197,11.179275,9.520984
-27.266176,7.8731227,16.159058
-8.395925,14.368879,6.952283
-23.021015,14.966566,45.790035
2.7925801,34.44564,-37.68291
5.3892093,6.536348,3.9205332
-26.916132,-0.4403486,-3.4994724
-5.2643304,-14.983064,5.075803
8.572903,27.344131,9.595963
8.307404,20.51867,2.1604197
-2.5373874,-6.6015143,23.289503
-20.617939,-9.561898,-4.930597
-10.699595,-10.069103,0.53603816
-6.813357,18.12409,23.496126
-20.02587,7.6917443,3.1806254
1.2104497,22.855219,13.671364
-19.993248,-11.89154,3.7688684
-28.920174,15.320339,38.482056
1.2053907,8.986295,39.026974
-6.7898865,-12.583803,39.308113
-30.371264,-13.298806,11.648905
-26.010172,-3.1085713,35.12357
-35.020195,-3.0586653,3.6154578
-6.06196,17.122755,-10.8846655
-22.18865,-0.30642983,24.3117
25.961687,24.2426,6.9751472
-31.821472,19.16881,12.668282
-25.002935,-17.503513,19.011421
-14.628501,30.776094,15.434206
24.710434,32.091873,19.86841
-2.1577039,13.718675,22.190239
-9.39663,11.951617,21.304626
21.383532,-16.968218,9.950378
-28.572924,-15.336978,7.7694864
-11.20465,-3.8458421,29.828876
-17.234735,12.649438,28.279173
15.449931,2.1722388,29.753304
7.097423,-11.958697,9.805772
-30.437822,13.526254,9.070282
-8.564476,9.827107,7.214683
-15.596916,-11.430366,6.654805
35.21694,12.104673,17.438704
-3.5670161,26.744772,21.776594
5.281805,33.785793,34.28414
-12.861344,5.4976983,17.323175
8.712085,-2.2394092,23.113932
24.319736,22.782955,7.7940373
2.3391027,15.967326,-1.3869605
-33.71796,-6.0763507,5.8128223
-32.154278,2.993975,7.1093426
-4.593955,39.114166,33.443657
1.8546416,-7.0173593,42.643307
-5.1070595,-3.259184,17.343525
-15.777415,21.801912,43.237545
-5.3849244,9.450471,33.81852
18.357676,-18.738106,19.950813
4.188891,12.493059,13.906422
-1.6742023,43.454624,13.803043
-26.05746,-1.0475309,10.710648
-14.536558,1.2111964,28.609207
-24.89291,3.4489763,15.905861
-28.83801,25.351522,42.119347
-14.799597,15.591709,14.758055
18.905083,5.4187355,33.33489
14.891295,10.829894,32.110157
5.129432,17.65826,4.7878895
8.920489,40.583687,30.189995
-15.95347,28.175138,44.226036
30.417837,15.928801,28.761602
17.843145,27.008438,11.90195
14.251267,13.005344,17.460112
-21.90747,18.125668,48.009285
-18.81821,-13.068928,1.7701676
-18.021175,11.75002,34.6503
22.086218,-20.711287,-0.8086228
-11.692786,11.657704,17.19082
7.749559,25.585733,3.8129396
-1.8289272,0.31588843,9.408575
-7.3090982,3.3907366,19.987865
-18.32109,-13.347531,19.57964
-1.8963263,14.732504,29.466894
-12.3447695,15.458792,38.7226
3.3968074,6.4094954,24.341824
3.096073,2.1070702,26.392313
-34.055614,13.31857,22.950487
-22.693605,-11.585037,7.3509817
20.974781,-1.688701,25.37259
5.4174685,25.199656,21.76412
12.579303,30.14922,17.885334
-29.836744,0.45934144,-5.2869654
2.4279382,28.231932,9.138498
-7.269557,39.562523,25.874979
-5.670287,-1.4899533,22.687859
-9.919943,-7.666411,13.373407
-11.947324,-4.2010818,24.890926
-7.6153893,-13.711945,40.838203
-0.8803782,-2.6713238,18.277206
-0.54491055,18.553825,16.562857
-15.850512,-14.058494,2.3836026
16.318125,3.2391534,1.7164937
-16.123323,-8.135197,-2.4004729
-16.659847,19.076832,-5.0620556
-5.49528,-10.683952,37.14929
16.032312,-12.835727,20.909101
11.793829,8.702589,14.092435
-19.667719,7.302035,21.080904
-23.126614,0.9094283,27.785498
10.500703,12.532983,14.590176
-6.3389134,8.8244705,-9.036096
-13.442986,13.048724,27.555689
-25.193977,10.518913,-3.6130455
-18.984566,3.0157895,-1.6586924
-10.252495,-18.832708,12.207735
-20.516201,19.132225,49.64567
-32.63692,23.561905,4.6963882
-9.906201,13.636272,-5.098583
-10.046261,31.152302,43.817493
-0.50246453,6.6673913,29.895115
12.304838,13.861083,-30.770912
9.99994,14.808631,20.081997
1.6760628,13.354345,-6.371741
-18.617447,-3.9029403,18.124434
-0.44322672,-11.316616,28.815104
-18.668821,-7.7390504,12.241861
-10.897572,8.887856,31.423622
14.802127,11.64374,21.149904
-18.689909,16.06749,40.734337
-20.817753,-0.5338541,27.591852
-6.792328,0.93149596,12.288084
-8.350773,-27.27099,19.530462
-5.0527763,33.878155,34.90238
8.444097,6.9914265,4.0379944
-12.341417,27.460337,33.12586
39.50033,-7.654219,-8.7088375
-26.454445,0.9604161,16.440283
-15.302542,5.3345647,31.489866
-2.7763002,36.234776,25.653654
14.644056,12.534039,26.142374
-7.3011956,12.089796,37.246254
-16.399544,2.6825957,4.045803
10.212305,22.125427,18.285133
-13.104574,2.2716196,1.014944
17.636944,6.093292,-1.1599257
-15.711245,1.9934971,39.33686
10.713618,21.040808,0.2540086
5.527277,-9.720574,5.8238487
-23.384058,12.149216,12.906077
-36.019753,7.8178334,9.285008
0.62821937,42.036766,14.058287
-15.815336,4.704441,25.906528
7.528909,-12.488256,15.888979
-27.91371,-0.0943959,26.071312
-21.475365,7.2908587,35.065323
-7.0463166,4.2280226,33.05044
-19.514896,19.063898,16.550095
-18.584654,19.043503,43.085564
-10.948618,5.747546,-0.22428587
18.035389,33.338642,6.9689302
-32.79701,-0.09743739,0.50921744
-22.375399,-10.214033,-5.7342544
6.266257,37.5882,-17.735167
-25.58214,-9.5196,7.915533
2.6456563,15.701734,11.300289
-13.294661,12.239332,8.465307
3.0791845,4.630539,42.589653
-1.7691932,16.103683,4.1905766
20.190407,24.605469,27.076836
-1.2007415,1.404674,-5.0627604
-7.5780487,17.02506,5.33262
1.8739172,43.83551,30.523592
15.118021,22.64732,18.36779
-3.7658536,10.803467,26.50215
-8.578401,-2.4000964,22.793787
-3.4724097,25.594397,28.46171
-14.079107,16.63818,31.902328
-31.637379,-0.01261143,3.2010818
13.2250595,0.7079234,7.535233
-26.754213,14.418292,9.94632
-4.113951,26.942793,24.4472
5.4268994,14.850683,7.8973317
9.988573,5.3212404,14.749664
-24.577724,-21.539125,8.2866
16.980322,-5.900327,32.387768
9.982192,-16.197239,33.615536
-1.32165,31.751385,24.6228
15.352506,19.760183,17.147429
-16.661316,-8.279034,42.04291
-18.611914,0.2597627,0.48082593
-13.772055,-1.8174267,16.718824
-21.669779,13.990032,5.516756
-19.307695,-0.90821785,-1.25477
3.7041874,35.783363,28.919619
-6.9807124,12.967766,-11.659854
34.875774,-3.8909378,3.168298
-8.185626,11.175511,30.008532
13.186873,8.465347,-0.34750617
-29.791084,4.5998716,8.402696
-11.78155,-15.253924,16.832472
-12.075761,-12.594803,20.984507
25.18857,3.9929762,26.740711
17.098236,4.740085,11.179373
19.53154,-2.0417418,7.716186
-11.07005,-2.6576414,9.216638
-16.721466,0.6024806,23.165047
-16.847124,15.592513,12.574092
-27.449116,20.12373,13.422445
17.02417,3.1813624,32.417416
22.090221,-2.0635586,30.89322
-8.6879015,35.1237,35.897137
-25.982487,0.14071867,3.6719544
-2.0904715,14.168523,32.61952
1.592505,7.0970144,30.63625
-4.4561634,6.6663346,10.614594
-14.985953,19.211306,14.115106
-42.34034,12.805589,11.084292
24.311638,-18.461473,-1.4258115
-20.088358,2.3966496,17.992588
-7.2292585,11.3227415,22.385817
-9.889609,-8.085007,3.0756512
-18.402208,2.627186,24.841516
22.696524,19.499784,19.594355
3.056768,-13.803532,18.809736
-13.499674,3.9048622,22.810488
-4.7906127,17.082142,-0.6888644
-7.542829,40.35944,34.34
8.014851,14.911323,1.5089933
11.371635,17.117464,7.1991105
-12.153529,10.789018,32.556793
-14.325925,-13.259979,14.6510725
17.3957,23.75944,19.81457
-4.564353,25.94023,8.205105
-8.252546,33.246178,28.41299
13.124741,10.675273,-3.036418
14.021416,38.846035,-13.698239
0.6655948,-6.985958,40.02589
-11.585376,-17.556492,-3.6347618
-0.59083533,2.373045,31.983004
14.213508,36.053787,19.765173
23.606508,-15.172277,18.457092
11.69751,5.244743,3.218284
2.939385,-17.998823,4.562983
-16.398352,-4.6468596,9.051982
-13.708495,1.3182559,-5.0140877
-0.2022491,48.00957,29.163622
28.375774,-10.290015,1.7356774
-3.5825677,0.6580395,15.886285
-11.82049,14.522033,33.494522
22.334593,-2.358294,27.960869
8.193605,20.339403,7.785148
-1.0355129,41.80238,18.501522
-1.9152153,1.9699975,-2.081294
-13.143125,1.5034658,34.005062
17.774508,19.569733,15.665826
-1.6071663,42.90509,29.668396
4.195231,12.098205,1.0657673
23.708881,6.2438536,26.172585
3.891878,40.548225,26.639914
6.4416223,23.915258,26.706394
-4.8839507,29.571123,27.759228
-15.543813,-7.3669376,2.9712715
-18.823236,-20.346148,-25.42524
-19.845232,-6.0209885,-0.20510043
12.214202,26.054762,7.086074
-14.317881,28.636976,33.069702
-4.117234,-3.8989851,14.356546
-23.344034,3.9541261,9.290284
31.157173,14.42105,32.481552
-17.983715,3.466204,15.884424
-15.851018,21.7321,26.913618
-10.173243,-4.448736,-4.340452
-5.0037036,28.597729,32.481102
-5.468158,37.128872,25.981436
5.508851,22.07049,17.363358
9.447464,24.980307,7.197952
-9.043057,12.667318,16.431849
2.9287336,37.345943,18.765184
8.69335,8.224985,24.178022
5.7688665,33.00802,10.567711
7.4064183,10.007171,17.572895
31.879873,-15.294526,2.057618
0.47655648,32.589584,-1.3614208
29.161642,-13.520399,1.4635123
-3.7746687,42.444126,25.544254
14.102689,28.70072,28.93968
0.2584913,21.129833,26.725504
21.890116,17.362211,20.87193
-34.326286,14.675089,21.517054
-38.964645,-6.731984,-2.3249056
-13.7231245,14.499714,1.9360756
-31.738764,5.1025476,4.2838264
-17.530327,33.475697,22.140858
0.023341244,-9.609029,26.336937
8.402544,5.67139,25.471476
-4.1642137,-18.39952,16.66901
-23.694801,-3.0600376,10.712531
12.28652,-12.829352,11.388089
1.9870884,8.168924,21.97978
-6.4417357,-7.6826596,27.11347
-13.04002,26.62557,40.74159
-23.426489,-9.177595,25.272226
-25.921665,29.00672,11.251898
-18.417648,5.5453095,-1.8565173
-23.075941,-8.672124,3.3074095
-0.8355764,30.490429,30.393484
15.06084,10.48121,34.682854
3.6148486,12.97034,-0.8458129
-40.848003,-6.9033694,8.441249
-21.739164,-9.162689,-0.074841425
1.4665452,-9.795071,2.7982733
16.98631,10.535844,17.471352
-8.739123,15.702977,26.388313
-11.77832,6.64915,14.641813
-26.691982,4.184059,0.8207564
-13.321663,24.851515,35.020065
-15.901529,7.4067197,13.661239
-36.88416,9.397459,2.1892085
-23.635767,19.084497,33.89749
8.003999,9.33093,7.707514
19.412823,13.739526,31.129755
-5.7274313,-13.314227,-0.9929235
-6.316308,10.562926,27.33785
-6.8279366,23.819763,17.488453
19.05176,24.00584,26.099188
9.999933,19.928988,21.772966
-16.687483,13.40998,40.460983
-27.063543,30.251831,-4.4473934
0.5993164,27.28826,28.93659
13.110361,5.736393,7.20446
-12.147719,6.909717,9.016296
29.727154,14.996819,31.372694
4.659403,26.989412,30.474417
1.2242154,-4.6368213,16.550999
-18.3658,-11.293224,-4.811211
14.016806,-11.971089,-6.3544774
-26.266493,13.184401,44.61123
10.97075,16.986427,47.815628
7.3567076,46.743702,17.521996
-21.945713,39.005497,32.25297
-19.549187,35.216915,41.1868
-19.805273,-38.19119,12.628343
-40.39384,5.123655,-4.9452095
-41.53673,5.0010147,-12.687049
6.9382915,46.185223,22.603413
12.316143,26.438206,28.45552
-16.121704,29.795485,46.669773
-24.318182,-7.2672367,-19.820786
-32.184746,-12.108341,-7.94245
1.9396743,-10.485513,-39.131622
-28.598713,18.401484,30.355705
-17.695911,34.730003,40.637615
-23.768642,9.118701,-34.296207
-23.44514,26.513607,29.09997
-34.753242,8.545116,27.147324
5.730167,29.303452,45.07535
-30.081331,32.110294,13.200813
-3.0014837,-14.6582155,-13.13017
-14.31072,-16.83818,-19.236944
-1.3577297,21.732569,39.03979
12.9815855,27.081745,37.15436
-23.180384,25.776806,30.465233
-43.425938,-6.212629,-4.0786138
-24.811594,14.51287,-26.9815
-13.073144,-29.717247,18.569906
-18.943508,-30.719286,12.463267
-1.772305,36.469383,-18.022738
-12.89226,9.475934,-20.793198
-15.92004,-33.65772,14.593813
5.92525,49.83752,27.585733
-27.6349,32.405926,13.090479
12.811446,-12.065597,-13.867351
-31.237211,18.46644,-17.122879
-6.8397446,44.382595,-6.144354
-20.134645,-4.278704,-15.433602
-18.419308,28.95279,32.44219
41.2702,-3.082444,-5.561454
12.662035,39.959957,31.595121
24.45606,13.623805,13.874419
-9.231579,-17.734333,4.5907083
11.1761875,-23.455595,-10.486557
-11.722331,-7.4452605,31.264544
-6.0035887,-13.944142,21.185484
-10.069397,-19.477442,24.041218
-17.787096,4.232516,-9.539592
-18.519659,28.877796,14.812012
-14.348808,-4.089771,26.767328
-10.009674,-28.030447,19.00736
3.2890031,38.565277,30.296225
5.139984,-2.109958,10.229364
-32.362602,5.786154,-8.767136
-8.388277,-8.700804,21.077713
6.787193,31.859097,29.729479
8.039632,-2.4472182,0.69899726
-29.772232,27.020987,12.102168
-16.38023,-30.153654,20.098288
-32.688248,6.9885573,-2.6789498
12.986729,35.816326,-13.468561
43.071526,-5.1115394,-11.640439
10.535007,38.876385,-4.3139553
7.2627783,41.5565,-11.804535
-1.7658247,42.461792,22.06713
4.760987,23.052307,36.169575
10.481829,36.39315,-10.762899
19.857565,5.041915,26.620468
9.762318,36.92809,25.39393
4.2777276,16.183676,29.708492
31.610867,14.875446,-4.101233
6.3728333,39.284367,5.3054943
-7.5377064,-5.3311467,18.643448
-15.3293,-19.31236,12.732143
15.121535,39.668255,11.944847
9.012732,19.791162,28.265831
-17.640373,-7.9671655,22.190037
36.802864,-2.2721603,1.8757718
-21.798742,26.96034,10.093677
4.329303,30.404696,36.80828
-8.034003,0.50647503,44.119324
-10.67664,-0.7583428,39.906548
-31.330786,21.456505,13.51666
-19.921,-7.4590707,7.970686
-3.9760818,6.9727273,0.36606896
1.5630072,36.98149,20.327028
23.652802,-21.607641,13.685722
-2.285316,31.598896,-2.9877229
-3.331321,30.51095,-4.0232124
-30.483366,-10.889457,3.1925263
13.809104,41.20368,-4.8219585
-8.831886,23.301083,28.687037
-16.523312,-19.272419,15.412437
10.616386,-1.1278033,38.56895
0.7129065,-5.8486857,7.2327056
-9.762064,18.42036,34.919437
-10.86823,33.241234,43.247726
23.27945,24.567493,-8.895269
32.20093,-5.11404,-0.62025964
0.31248513,-6.1658635,3.5230808
-24.41597,14.92995,31.767567
4.920511,39.827255,28.460382
6.534203,1.7069826,33.07123
-13.604001,35.107094,14.703181
4.556353,-19.068258,27.572016
-1.3961174,21.506762,29.510859
2.1704478,-8.405126,30.84742
-0.67562157,24.425653,25.78513
12.571019,-20.150618,7.330237
-2.0463624,40.795635,42.547443
-4.2523193,16.111235,-26.88043
-9.283553,-4.206646,35.028988
3.9386854,0.7644012,14.628094
-5.7204514,0.20374458,35.22328
-16.02793,-5.4341764,35.444927
-1.5797287,-19.203176,37.31516
-15.938903,-19.896254,4.6719117
-23.571346,35.214165,10.844723
-39.519135,-8.793436,-0.59640384
-19.249365,-15.84893,7.0262394
-30.938393,16.56019,-15.305564
-24.184649,17.579784,32.643322
-2.2169075,20.036621,31.46255
6.5613556,37.68423,21.932842
13.563028,32.110966,19.93942
3.4773257,32.42299,-0.032196037
6.631067,40.144592,-9.008523
-12.975024,-14.810852,0.2462795
-14.149933,12.934151,5.244598
-3.6876352,33.38076,18.20447
4.426022,-5.7951603,16.288986
2.1082962,36.648453,-25.61899
3.5849166,29.402538,43.95514
-14.774116,-33.286865,16.344177
-17.301138,21.42353,36.231678
-16.55469,-15.942253,33.515205
37.68101,-4.513326,3.918251
-24.130625,21.500307,-0.545919
-3.8586447,28.183823,-5.1624293
-16.37169,-34.664474,8.316707
-34.252052,-2.253293,19.68243
0.9013644,29.607885,43.33014
-4.9359426,18.484688,25.275564
-2.0794508,44.240654,26.950373
-29.13968,8.5360985,-7.74132
-27.079205,-15.533693,12.611853
-24.672386,30.867056,5.9016166
10.70444,26.617754,35.746338
24.399012,7.3411427,28.418087
7.2703114,-29.721556,-0.6865014
-38.652534,5.212148,0.21994545
1.0135304,6.8159695,-10.571154
-35.508087,-7.072612,-3.0095785
-32.817028,-6.5450892,-3.6882434
2.1530106,5.49796,9.360606
5.1319566,46.855297,24.16487
-32.653908,-5.6655054,11.952638
-17.280832,-4.945004,16.427212
-1.2484528,35.518536,34.667534
-25.11087,5.6769853,-0.5338788
-20.995878,4.272605,40.882595
3.8854644,18.927053,29.704535
8.278948,22.94332,34.570633
-14.160347,23.070997,24.663076
-9.053667,21.967638,10.591245
-2.4034002,28.501307,36.80104
-6.5059605,20.454388,11.939856
-4.0937777,4.7963214,1.906124
22.317041,18.596529,9.844155
-3.8579824,40.035408,44.04863
-7.011894,3.6583333,38.408123
1.5485557,27.050072,11.076561
-0.6918215,2.8414779,19.763008
3.6129253,23.96414,33.219093
-7.000909,-17.65956,29.130789
23.439917,-3.4305618,15.40799
-26.734858,13.83779,4.5517225
-18.20131,21.836327,18.263039
-4.4470863,3.5788298,5.394754
0.42011726,30.622524,41.462326
21.489132,14.558034,32.48267
-37.06306,2.578229,4.60839
2.6652374,31.385643,30.011717
33.418858,-4.9603586,2.727133
-6.360169,-28.430431,6.6559677
1.7843093,6.3030696,41.049126
-34.81657,-7.0743217,13.631673
-16.919857,-17.817692,30.973164
10.057081,4.534749,8.039323
15.788411,0.14643161,14.63861
24.851254,7.137058,22.058163
3.747547,23.26238,18.718523
29.309793,-9.287547,6.8787494
-15.264544,27.269642,42.155113
25.27989,6.340599,15.262278
-12.767374,-5.038196,19.833767
-19.148111,-1.5244085,6.233491
26.337948,-9.088864,24.198433
7.5400515,38.05517,3.7269094
-24.805168,31.610382,12.2725725
11.371245,-2.959613,18.656101
-4.415937,34.31257,37.39759
-39.03659,9.274997,11.002409
-1.3803186,4.1876836,15.612088
14.98703,17.420105,24.506044
-11.970229,-17.446941,20.363142
15.914736,13.617036,8.455811
1.0830739,32.5364,35.810978
31.407951,12.93382,28.036879
4.9542365,18.713503,49.451763
-17.109562,-5.9117355,34.343735
-15.725149,-19.902275,0.22917528
-7.931166,35.595566,-17.503641
-1.1760622,22.4988,8.558878
9.683909,2.3790166,13.812766
-11.908651,-2.5912328,-8.267218
7.246701,-6.225701,9.587859
-28.922312,-9.257278,8.290479
7.036431,-12.660675,0.9322928
-37.29238,2.9019072,2.2835445
12.069036,-9.435047,10.8881645
16.758966,12.709931,28.15055
-18.551235,19.439438,39.722683
-18.124842,11.66285,-3.8776937
8.505438,1.814456,-9.774998
-31.196236,10.681115,-4.2099867
-0.002880517,-11.204143,10.680618
-3.1253526,16.439281,-2.5119731
-0.5091768,11.439141,14.259115
-0.6943682,15.755042,21.02165
-32.260666,8.202775,14.683561
-27.565245,6.097029,12.829895
16.182285,-5.712086,12.133902
-6.1822042,23.268438,27.901548
-18.477976,-39.88703,13.462072
-6.5454683,-2.2427528,28.05482
-17.026651,0.33437893,12.575618
-2.2603378,38.771606,34.637764
-8.739348,34.8724,-13.903518
-15.584562,13.72686,-12.278536
-25.251978,10.837355,16.659168
-7.686602,-5.95935,25.620907
-25.541378,-16.162056,8.367934
-26.082285,9.344472,-1.0878159
15.666,-10.33445,4.204663
7.0450425,26.215868,24.201134
-10.571579,6.090308,35.83914
-14.7379265,-8.454779,20.792583
1.9909099,-17.404772,26.498
-30.903471,12.010615,-2.80177
-28.581814,20.96368,2.1668665
-16.488604,1.053736,34.189026
-3.7485404,2.5671883,-1.0455648
-28.823193,-4.496741,4.3006735
6.3359013,-13.073743,6.248785
22.121569,-3.1024363,14.628944
2.0768266,-10.872238,6.3031454
-12.159355,21.797878,22.925814
3.0955434,33.277184,24.286997
2.9500635,29.741627,25.878143
16.920282,32.905457,-8.121995
3.8920968,16.886189,16.172153
-1.828818,-1.3700011,1.510029
4.2080774,11.650768,25.551188
-17.778715,12.124706,9.768641
-18.891264,34.21044,14.276592
18.554968,21.234434,2.8526604
-28.337282,9.915965,13.452366
-29.354107,-5.926161,11.597649
-26.413778,10.529092,2.2564075
14.479701,14.528291,14.534929
17.025768,17.93793,33.354893
3.3078117,22.732725,29.084904
-7.8704076,-11.494915,16.432877
-29.988165,-11.142653,12.227595
-24.162773,-11.34376,12.681227
-25.467136,11.237634,13.1147785
-10.759521,3.289872,14.561573
-4.4956536,26.081184,30.12439
-14.633968,21.132921,12.328478
-2.746966,5.0518904,18.158833
-7.672387,27.97101,14.612452
-18.8723,-4.321704,7.6034594
3.2473915,28.408993,20.51079
8.364923,18.88371,25.54187
-2.6954951,2.6458185,10.1215315
-9.863206,-6.203102,22.567354
19.857208,1.7862962,19.74295
2.084637,-11.372175,15.0598955
9.908265,16.25573,11.564558
-14.879602,-7.195137,11.301379
6.762978,-8.076831,6.015165
8.91962,22.756763,17.361835
-6.6157937,11.748063,6.34871
-21.097166,-12.124748,9.115688
23.135298,18.457891,31.502506
-12.765799,-4.458749,13.841613
-27.70612,7.98704,4.9398813
-1.6875628,32.006813,35.55204
7.497589,3.4097803,7.278693
-8.312356,7.837793,13.678645
-23.187687,5.8527155,13.301859
-15.067252,0.38245782,7.2982492
-11.938095,-2.1188664,12.01109
-4.779942,-1.4106039,7.1734824
15.346743,7.87949,2.2749693
-14.963105,-4.970168,14.507828
-26.893978,-8.6548,11.205583
-1.8711449,30.842667,33.88743
12.39432,11.856291,27.106812
4.6067333,21.097046,25.962578
0.5246869,10.578896,5.578445
7.7839446,11.338274,4.314298
8.509568,5.620342,10.036413
0.6471797,20.863405,20.553179
3.5995724,18.03453,18.781853
-5.795681,4.3417835,12.457237
-11.854858,-8.248063,20.199953
-1.8618495,7.7372613,18.536022
-12.739408,0.0070758355,30.073935
-27.683014,6.9802103,6.864569
-2.4380054,16.850838,13.076625
5.6790566,-3.229143,5.410196
-4.608084,20.01587,21.055084
11.242537,-10.279457,6.5759287
1.8374658,26.949657,31.13978
-32.015278,8.169618,-5.2580686
-3.7698305,19.74688,12.970938
0.56213814,14.041029,2.564454
6.6316338,12.743553,17.93204
-3.1226938,8.107015,9.425499
-23.702713,16.552105,5.651226
7.778899,14.420155,14.983581
16.319132,5.3868747,1.2199459
4.4604745,8.856121,19.014599
6.483147,20.905539,24.174232
21.882412,20.047543,9.479829
6.857364,10.243346,22.871218
5.390864,-2.4031909,7.1362185
5.2655396,14.002301,21.42181
4.9806395,12.132487,8.2857275
2.9947557,21.514027,15.471134
9.359687,6.149163,16.96985
1.2562497,18.121477,20.25362
11.066904,13.780567,12.554452
-20.658234,8.781666,9.707656
9.214232,10.928586,10.787488
-29.817278,11.599159,38.284134
-24.952213,-1.269817,-18.37218
41.49735,-6.4917865,-5.7589135
-41.009163,4.4517937,-7.700283
-25.51519,-0.16456798,-26.888552
-37.298355,-10.524124,-8.484033
-1.3897041,-37.3109,11.598922
-26.007517,14.4347925,-29.471867
-22.21189,3.1183772,51.161076
-24.700077,2.2641408,-26.04141
-20.310368,14.881719,44.089367
26.40291,-18.01952,4.6639504
-32.377808,20.84183,-19.704659
31.116089,-9.773731,-28.920507
-35.11906,-13.540417,-20.00374
37.350773,6.0332026,-15.675763
-20.738571,-17.42196,-20.361486
13.851406,-14.634431,-19.511059
-27.452545,9.522504,51.916615
-1.8509533,50.37929,20.639719
35.6433,5.9642715,-17.556652
36.73355,7.096332,-11.405166
-25.975243,11.148808,-24.93863
-26.234255,10.057213,38.852993
-22.03837,12.092287,-24.353582
-4.3742537,14.447214,-18.735945
38.719013,6.655349,-10.684566
-25.512165,12.046426,52.50743
-4.245145,9.606551,-19.97315
-22.611025,19.547626,-15.283064
-20.837748,-15.266224,-15.863039
-4.9375906,-33.52622,11.534517
-22.225266,-0.85868716,-20.208727
-35.311474,20.492064,40.149487
41.11226,0.4662337,-7.4229946
-41.17724,-2.9697847,-6.2652736
-24.048601,17.983892,41.649662
-17.487017,45.62372,5.58478
-29.83519,13.853958,40.461224
-10.645258,7.7797456,-41.47967
-13.92432,35.756767,36.35584
4.1232843,43.74047,17.272945
-1.7161763,-21.508888,19.20967
38.0654,-0.04150759,-0.7612859
38.821026,7.23979,-8.518983
-16.1322,46.447754,5.7665358
15.9913645,-6.433278,-12.503481
-23.14136,4.161248,49.686802
34.8219,22.31568,-20.788248
11.768335,19.814905,-38.41543
-35.56259,-2.0386117,-11.624177
37.886173,-0.5289146,-4.1073136
31.585203,-0.42483094,-23.254293
32.19222,3.8039157,-19.679283
-23.04229,5.27674,53.231987
-10.209032,16.738146,-24.536755
15.193477,-3.6486883,-16.535213
42.102116,-15.848071,-13.38119
-28.116146,10.180175,49.62696
-21.74352,4.7334366,-18.866219
-5.7434754,2.754148,-13.042808
-1.6200784,-35.574398,13.801055
-20.873253,36.411022,33.899532
-21.86479,10.970394,-25.239931
42.68626,-1.6305671,-1.0246938
29.699942,-2.4858205,-20.31888
-20.092064,35.106068,34.843914
-5.047865,8.529697,-24.997362
-5.0131874,9.358461,-41.814342
26.496773,-0.034507565,-13.449548
-6.8509007,6.6389017,-16.547907
-9.647401,21.033478,-12.752371
-41.142258,5.644425,1.903989
-15.986721,33.073112,38.58634
-6.0189137,-24.440474,12.613868
12.953579,-22.909721,-7.609902
-32.189137,19.535866,40.802937
-40.644688,4.002076,-11.734331
-26.189905,5.9921765,55.460377
40.238426,-1.3407166,-5.76195
36.162846,-0.39237556,-29.881504
-26.220259,1.0765536,-19.731678
-21.456436,6.274818,-18.70066
-10.174189,13.82371,-13.331354
-17.102167,10.848277,-27.66255
-4.038587,49.612125,22.985767
-10.2019615,-28.536972,-9.316177
34.52423,-1.427588,-6.1339545
16.586617,-21.228453,-0.9660254
-18.293812,15.690568,-25.847559
-14.180058,15.148716,6.548547
-30.825535,18.44751,38.086884
29.018427,1.0659873,-14.643256
-34.164436,-2.93436,-18.903906
39.785213,5.5138903,-13.934738
32.118835,-4.3394217,-4.7814956
-0.7029301,-10.769697,5.216451
-6.4440284,5.151325,18.147099
-21.539968,-2.9973145,-2.0228403
7.437492,-23.128693,11.856861
7.1166987,22.638834,7.6811843
-10.239771,9.108143,1.3294379
-8.412603,-15.752368,27.025866
-26.819265,-6.7481194,7.237063
-6.6391993,19.2719,19.181557
16.157267,14.11377,23.269268
28.628647,7.448922,-25.240038
-9.75395,-27.208935,-7.5507073
-24.408173,-2.0380912,1.0711939
0.8928121,4.236463,14.60247
-18.749104,27.573317,11.194397
-16.980423,17.155657,30.979822
-2.8851886,-7.3898315,12.97127
16.937979,-10.89876,23.635078
-25.589933,-10.2821,-14.89187
3.821827,32.406124,5.723801
-17.971802,-20.54521,30.039942
-12.966393,0.8251122,36.18421
-5.2908287,17.516016,11.610837
-9.688715,-12.741788,28.646866
-34.502453,-9.873416,-7.066743
-19.089254,-6.457115,-5.3958097
4.5320206,31.796848,8.240953
27.844528,17.6181,31.77715
16.909595,-12.678131,4.4513664
-17.075293,6.0871453,24.998623
-34.58575,-14.864271,-13.390378
7.7316127,2.0770094,4.5046344
13.193754,4.31527,11.084821
11.937749,21.704945,10.296544
14.627302,-23.821594,-7.0478706
28.280598,8.348196,4.6347733
6.4022245,20.3232,5.065244
23.193005,-1.776202,32.95581
-20.504921,30.352457,31.754913
-16.762745,29.494114,23.632034
-11.414404,39.755463,30.509333
0.3822369,8.3919935,-3.4206893
-1.7807044,38.468384,-18.607985
-5.8547583,-13.38643,11.479314
13.556403,-3.015492,18.97961
3.4428892,-3.6280746,-9.895839
3.3213933,4.4991913,25.808317
-0.4068694,9.051378,-10.277719
11.794241,15.139633,48.41954
0.88182175,15.31615,-9.149819
-5.311662,6.0253377,-25.330769
9.204441,-11.184015,15.3462305
-32.231937,20.832006,38.754383
-9.37709,12.92713,28.30653
0.5588644,50.647686,20.961626
0.11730313,-2.1884675,36.8905
-8.880998,20.61002,2.9417167
2.7880495,-4.079401,-4.9414105
1.1072841,16.351412,24.26123
15.504639,11.422018,1.667843
12.013658,7.872177,8.83432
1.6438445,-0.8343262,-11.360729
24.446241,-23.335728,14.830271
-14.996791,18.598413,-1.6966437
-13.152382,-13.891838,10.0406
11.5020485,19.748865,9.790262
-9.901944,41.9324,30.689816
-41.943275,-4.6723585,-3.8685546
-25.363657,7.9811087,12.010502
5.9782004,14.89089,-4.4810786
9.530079,8.666151,30.90273
-26.24693,13.697393,54.41469
0.52882767,-4.9392347,33.742035
42.545383,2.839169,-9.77515
-23.752497,27.767366,37.293663
24.100994,2.2599614,9.29897
0.325845,40.9306,28.082272
-1.6448762,15.561447,0.63077265
-21.675455,1.5229518,1.6024327
-17.560125,3.525575,-6.5832663
6.269684,19.419651,12.626665
-28.59868,-5.780719,14.292442
-14.662067,-2.938816,-1.1040856
-4.7542367,8.290365,-18.557364
-10.914221,14.327635,-20.232307
-33.34547,3.118474,12.2203
-23.073343,-9.014581,36.854813
-17.693012,-14.671979,17.891487
7.121731,0.11672431,21.324463
2.8659225,51.03276,27.254866
-17.774452,13.319709,-26.6558
-14.050463,4.422674,-30.026966
12.63582,15.816101,-3.5036829
-24.532898,-12.899969,6.7875633
-23.71466,0.2191278,-1.3399847
-19.534407,-16.199993,12.755455
12.57399,29.687878,1.6330372
-7.638382,9.303387,25.490173
-7.4006977,10.806132,-30.811573
-14.477894,6.2786894,9.363112
1.860822,8.003546,-43.295517
-11.710962,3.534009,33.064682
-8.288524,18.957369,4.144986
6.4110427,25.534674,1.950681
-0.09822692,39.217255,38.085472
2.181431,18.703049,1.8595287
8.494138,-2.8741784,26.136198
-12.449911,25.488861,43.013477
40.065598,-14.775751,-12.967147
-22.672812,19.626572,-0.7689315
-23.659279,-11.448457,-0.9738108
-23.398249,-7.64808,15.527316
-18.025822,10.061362,15.387101
-10.43879,-1.794358,33.358746
-20.44236,4.792085,26.898518
-23.495178,-14.418975,-21.137302
-13.156876,-14.756793,13.5445385
-25.112434,7.1175404,52.79796
11.182963,13.82964,-2.6591504
44.91142,6.0724807,-10.512166
-14.216431,13.123881,16.309586
-27.844633,-15.628845,29.711855
-13.322061,13.593644,-13.100808
-15.241226,17.243547,3.036941
18.603802,17.488771,22.563799
-18.868128,18.512915,-25.137238
-22.997421,7.4654384,-25.631186
0.05680567,-9.313276,22.893646
2.3517094,52.93835,25.09958
-40.98795,6.898732,13.603265
-8.643928,5.35521,7.163125
-9.092535,5.1894355,-4.7138205
-7.3473754,-24.819498,-0.25806203
-32.006363,-0.65554076,-6.0119905
-6.325486,-14.774641,24.431793
4.6911545,34.055393,30.73032
9.797676,24.132711,10.171302
-17.240309,-11.817911,26.114344
-7.0719657,24.711443,37.737865
26.617905,-18.13649,-8.703271
12.11655,3.4223025,27.736671
-10.818883,8.753174,11.268435
-0.14166549,12.511247,-1.8387011
-26.40837,3.2255597,6.4677715
25.960438,9.031292,30.386604
-24.038614,8.894407,46.33512
-21.674648,-8.482467,18.68627
